RED_IZO,NAZEV_SKOLY,ROK_PRIJIMACEK,KKOV,OBOR_NAZEV,POCET_PRIHLASEK,KAPACITA,PRUMER_JPZ_BODU
600000001,Gymnázium Alfa,2018,79-41-K/81,Gymnázium osmileté,120,30,68
600000001,Gymnázium Alfa,2019,79-41-K/81,Gymnázium osmileté,130,30,69
600000001,Gymnázium Alfa,2020,79-41-K/81,Gymnázium osmileté,128,30,70
600000002,Gymnázium Beta,2018,79-41-K/81,Gymnázium osmileté,90,30,62
600000002,Gymnázium Beta,2019,79-41-K/81,Gymnázium osmileté,92,30,61
600000002,Gymnázium Beta,2020,79-41-K/81,Gymnázium osmileté,94,30,62
600000003,Gymnázium Gamma,2018,79-41-K/81,Gymnázium osmileté,140,30,74
600000003,Gymnázium Gamma,2019,79-41-K/81,Gymnázium osmileté,145,30,75
600000003,Gymnázium Gamma,2020,79-41-K/81,Gymnázium osmileté,150,30,76
